University Name,Country,Ranking Tier,Relevant Programs,Intl. Office Contact Name,Contact Title,Contact Email,LinkedIn URL,Agent Application URL,Route,Lane,Stage,Commission Terms,Next Follow-up Date,Notes / Personalization Angle
IU International University of Applied Sciences,Germany,Other,"Business, CS/Data Science, Engineering, Health (UG+PG, online & on-campus)",,Partnerships Team,partners@iu.org,,https://www.iu.org/about/our-partners/,Direct,Commission (Private),Contact Found,,,"VERIFIED: 400+ agent network with most agents from India - proven low-barrier path. One partnership = access to 3 institutions (IU + Walbrook Institute London + University of Fredericton). Email the partnerships address with our Email 1."
Gisma University of Applied Sciences,Germany,Other,"Business, Management, Data/AI (UG+PG+MBA)",,,,,https://www.gusgateway.com/,Group (GUS/other),Commission (Private),Contact Found,,,"VERIFIED: GUS onboards agents via its GUS Gateway portal (apply there - covers multiple GUS institutions with pipeline tracking). GUS spans UK/Germany/Canada/Ireland - one deal may unlock several countries. GUS also has an India arm (gusindia.global)."
Berlin School of Business and Innovation (BSBI),Germany,Other,"Business, Data Science, Tech, Creative (UG+PG)",,,,,https://www.gusgateway.com/,Group (GUS/other),Commission (Private),Contact Found,,,"VERIFIED: apply via GUS Gateway (same application as Gisma/UE). Note for counseling honesty: BSBI awards degrees via validating partner institutions - disclose this to students."
University of Europe for Applied Sciences (UE),Germany,Other,"Business, Tech, Art & Design (UG+PG)",,,,,https://www.gusgateway.com/,Group (GUS/other),Commission (Private),Contact Found,,,"VERIFIED: same GUS Gateway application covers this institution. Third unlock in the single GUS conversation."
SRH Berlin University of Applied Sciences,Germany,Other,"Business, Engineering, Music/Media (UG+PG)",,,,,,Direct,Commission (Private),Research,,,"Established SRH group; multiple campuses and start dates; strong international cohort."
Constructor University Bremen,Germany,500-1000,"CS, Data Science, Engineering, Natural Sciences (English-taught)",,,,,,Direct,Commission (Private),Research,,,"English-taught campus university; scholarships aid conversion; formerly Jacobs University."
CBS International Business School,Germany,Other,"Business & Management (UG+PG+MBA, English tracks)",,,,,,Direct,Commission (Private),Research,,,"State-accredited; 30%+ international students from 75+ countries - lean into diversity angle."
Munich Business School,Germany,Other,"Business (UG+PG+MBA)",,,,,,Direct,Commission (Private),Research,,,"Premium Munich location sells itself to parents; several intakes per year."
Arden University Berlin,Germany,Other,"Business, Computing, Psychology (blended/on-campus)",,,,,,Direct,Commission (Private),Research,,,"UK-origin model, agent-familiar; flexible delivery suits working applicants."
Macromedia University of Applied Sciences,Germany,Other,"Media, Design, Management (UG+PG)",,,,,,Direct,Commission (Private),Research,,,"Creative-industries niche differentiates our portfolio vs generic business schools."
Griffith College,Ireland,Other,"Business, Computing, Law, Accounting (UG+PG)",,,,,,Direct,Commission (Private),Research,,,"Ireland commission-market entry point; long tradition of agent partnerships; Dublin+Cork+Limerick."
Dublin Business School,Ireland,Other,"Business, IT, Analytics, Psychology (UG+PG)",,,,,,Direct,Commission (Private),Research,,,"Agent-friendly; strong fit for Indian business/IT applicants; city-centre Dublin."
National College of Ireland,Ireland,Other,"Computing, Data Analytics, Cybersecurity, Business (PG-heavy)",,,,,,Direct,Commission (Private),Research,,,"High demand for its CS/analytics masters; IFSC Dublin location + internship narrative."
Wittenborg University of Applied Sciences,Netherlands,Other,"Business, Hospitality, IT (UG+PG, English)",,,,,,Direct,Commission (Private),Research,,,"Among the most agent-open Dutch institutions; multiple entry dates per year."
Vistula University Warsaw,Poland,Other,"Business, IT, Tourism (UG+PG, English tracks)",,,,,,Direct,Commission (Private),Research,,,"Low-fee EU option for budget-sensitive students; active in South Asia recruitment."
Fintiba (blocked account + insurance),Germany,Other,"Blocked account / health insurance for German student visas",,,,,,Affiliate (non-university),Affiliate,Research,,,"Every Germany-bound student needs a blocked account - apply to partner program (I'll draft the application)."
Expatrio (blocked account + insurance),Germany,Other,"Blocked account / insurance value packages",,,,,,Affiliate (non-university),Affiliate,Research,,,"Second blocked-account partner - offer students both, disclose honestly, earn per referral."
